{"cameraMode":{"drawMode":0,"name":"Shaded","section":"Shading Mode"},"sceneLighting":true,"audioPlay":false,"sceneViewState":{"m_AlwaysRefresh":false,"showFog":true,"showSkybox":true,"showFlares":true,"showImageEffects":true,"showParticleSystems":true,"showVisualEffectGraphs":true,"m_FxEnabled":true},"in2DMode":false,"pivot":{"x":-32.85100173950195,"y":2.068962574005127,"z":-1.2758604288101197},"rotation":{"x":-0.2408924400806427,"y":0.013681209646165371,"z":-0.0033962884917855264,"w":-0.9704508185386658},"size":3.6078155040740969,"orthographic":false}