{"cameraMode":{"drawMode":0,"name":"Shaded","section":"Shading Mode"},"sceneLighting":false,"audioPlay":false,"sceneViewState":{"m_AlwaysRefresh":false,"showFog":true,"showSkybox":false,"showFlares":true,"showImageEffects":true,"showParticleSystems":true,"showVisualEffectGraphs":true,"m_FxEnabled":true},"in2DMode":false,"pivot":{"x":-7.699999809265137,"y":0.48000001907348635,"z":2.3399996757507326},"rotation":{"x":0.21908079087734223,"y":0.09847202152013779,"z":-0.02212851122021675,"w":0.9705395698547363},"size":4.252185344696045,"orthographic":false}