{"cameraMode":{"drawMode":0,"name":"Shaded","section":"Shading Mode"},"sceneLighting":false,"audioPlay":false,"sceneViewState":{"m_AlwaysRefresh":false,"showFog":true,"showSkybox":false,"showFlares":true,"showImageEffects":true,"showParticleSystems":true,"showVisualEffectGraphs":true,"m_FxEnabled":true},"in2DMode":false,"pivot":{"x":-12.130000114440918,"y":0.6100000143051148,"z":-0.12999999523162843},"rotation":{"x":0.18342234194278718,"y":0.30678802728652956,"z":-0.06038307026028633,"w":0.9319995641708374},"size":0.6062180399894714,"orthographic":false}